Wavelength,Brightness
0.35,0.807920909
0.351,0.792569426
0.352,0.790688539
0.353,0.799298054
0.354,0.803381571
0.355,0.794425968
0.356,0.797128837
0.357,0.803777871
0.358,0.798578182
0.359,0.798349306
0.36,0.801204708
0.361,0.804982001
0.362,0.807902465
0.363,0.808307046
0.364,0.807828666
0.365,0.809179756
0.366,0.814965841
0.367,0.814922499
0.368,0.819644327
0.369,0.830416697
0.37,0.829202957
0.371,0.827646151
0.372,0.829421365
0.373,0.83318718
0.374,0.828874719
0.375,0.833970503
0.376,0.839002156
0.377,0.832448217
0.378,0.836536122
0.379,0.842262781
0.38,0.845887344
0.381,0.847697011
0.382,0.846702495
0.383,0.84989864
0.384,0.855564864
0.385,0.854372966
0.386,0.856596671
0.387,0.859512219
0.388,0.860884578
0.389,0.862355293
0.39,0.865452917
0.391,0.866395984
0.392,0.864454392
0.393,0.870711989
0.394,0.872697412
0.395,0.87261717
0.396,0.875929866
0.397,0.875826838
0.398,0.875471311
0.399,0.877222735
0.4,0.881646962
0.401,0.882285964
0.402,0.882243095
0.403,0.883418848
0.404,0.885076485
0.405,0.888076731
0.406,0.889190392
0.407,0.887671901
0.408,0.888900183
0.409,0.892325089
0.41,0.894783478
0.411,0.894004273
0.412,0.893838578
0.413,0.895844996
0.414,0.898862287
0.415,0.900380719
0.416,0.899555621
0.417,0.899800081
0.418,0.901944136
0.419,0.903758793
0.42,0.90314502
0.421,0.903290775
0.422,0.90568473
0.423,0.906666195
0.424,0.90738284
0.425,0.907548648
0.426,0.907229461
0.427,0.909327969
0.428,0.910246402
0.429,0.910215841
0.43,0.911477337
0.431,0.911633885
0.432,0.911814167
0.433,0.912686471
0.434,0.913925307
0.435,0.9146975
0.436,0.915089563
0.437,0.915399347
0.438,0.915770993
0.439,0.917169711
0.44,0.918369655
0.441,0.91806173
0.442,0.918974267
0.443,0.919386334
0.444,0.919244192
0.445,0.91991681
0.446,0.920949464
0.447,0.921544032
0.448,0.921704333
0.449,0.922869859
0.45,0.923119363
0.451,0.923238752
0.452,0.924269932
0.453,0.925426617
0.454,0.926219333
0.455,0.926637584
0.456,0.926987712
0.457,0.927476007
0.458,0.927816947
0.459,0.92809957
0.46,0.928907997
0.461,0.929650318
0.462,0.930188727
0.463,0.930624977
0.464,0.931433123
0.465,0.931902859
0.466,0.932237443
0.467,0.932912245
0.468,0.93352337
0.469,0.933962884
0.47,0.934356775
0.471,0.935001661
0.472,0.935445335
0.473,0.935973687
0.474,0.936674908
0.475,0.936869446
0.476,0.937741536
0.477,0.938879092
0.478,0.939465356
0.479,0.939547702
0.48,0.940200881
0.481,0.941317556
0.482,0.941877791
0.483,0.94234795
0.484,0.942911324
0.485,0.94369603
0.486,0.944840333
0.487,0.945495347
0.488,0.946210205
0.489,0.947510512
0.49,0.947899877
0.491,0.948599616
0.492,0.949663831
0.493,0.950350551
0.494,0.951360572
0.495,0.952305312
0.496,0.953003732
0.497,0.953829858
0.498,0.954595804
0.499,0.955321798
0.5,0.956103001
0.501,0.95710097
0.502,0.958108787
0.503,0.958981199
0.504,0.959652882
0.505,0.960296209
0.506,0.961105298
0.507,0.96201929
0.508,0.962585605
0.509,0.963544116
0.51,0.964450811
0.511,0.964853452
0.512,0.965467944
0.513,0.966310661
0.514,0.967181835
0.515,0.967803015
0.516,0.96857079
0.517,0.969272319
0.518,0.969815159
0.519,0.970404719
0.52,0.971009828
0.521,0.97167085
0.522,0.972363234
0.523,0.972737236
0.524,0.973363482
0.525,0.974241733
0.526,0.974964447
0.527,0.975381344
0.528,0.975738938
0.529,0.976193655
0.53,0.97665583
0.531,0.977105095
0.532,0.977525281
0.533,0.977943257
0.534,0.97856847
0.535,0.97901576
0.536,0.979218229
0.537,0.979380441
0.538,0.979727539
0.539,0.979949622
0.54,0.97997556
0.541,0.980368578
0.542,0.980580405
0.543,0.980621903
0.544,0.98068418
0.545,0.980844835
0.546,0.981008517
0.547,0.98116729
0.548,0.981392736
0.549,0.981640353
0.55,0.981727128
0.551,0.981611075
0.552,0.981655595
0.553,0.98124067
0.554,0.980499641
0.555,0.979865205
0.556,0.979588553
0.557,0.979628218
0.558,0.979955318
0.559,0.980571507
0.56,0.981267204
0.561,0.981855627
0.562,0.982234899
0.563,0.982444416
0.564,0.982709102
0.565,0.983240673
0.566,0.984217757
0.567,0.985641347
0.568,0.987215673
0.569,0.988674637
0.57,0.989836882
0.571,0.990534018
0.572,0.990786503
0.573,0.990471587
0.574,0.988953208
0.575,0.984764752
0.576,0.978842639
0.577,0.973678058
0.578,0.97282836
0.579,0.974469023
0.58,0.976890197
0.581,0.979016425
0.582,0.98096765
0.583,0.98262098
0.584,0.983923666
0.585,0.985114854
0.586,0.986554599
0.587,0.988395264
0.588,0.990567848
0.589,0.992780475
0.59,0.994965673
0.591,0.996638586
0.592,0.996366556
0.593,0.995063245
0.594,0.993328065
0.595,0.991595199
0.596,0.990001446
0.597,0.988911906
0.598,0.988450367
0.599,0.988503626
0.6,0.988617522
0.601,0.988663968
0.602,0.988685101
0.603,0.988964933
0.604,0.989077195
0.605,0.989074569
0.606,0.989207959
0.607,0.989422683
0.608,0.989601715
0.609,0.9897145
0.61,0.989844614
0.611,0.989860964
0.612,0.989888435
0.613,0.990028297
0.614,0.990115431
0.615,0.990121793
0.616,0.990166448
0.617,0.990410114
0.618,0.990535499
0.619,0.990616138
0.62,0.990739151
0.621,0.990938149
0.622,0.991131926
0.623,0.991266287
0.624,0.991338185
0.625,0.991510575
0.626,0.991605589
0.627,0.991655128
0.628,0.991834519
0.629,0.991845277
0.63,0.991859294
0.631,0.992003808
0.632,0.992179388
0.633,0.992258932
0.634,0.992263842
0.635,0.992289306
0.636,0.992461369
0.637,0.992561586
0.638,0.99258013
0.639,0.992721425
0.64,0.992839276
0.641,0.99297057
0.642,0.993109979
0.643,0.993046997
0.644,0.992989703
0.645,0.993018915
0.646,0.993133844
0.647,0.993230868
0.648,0.993208133
0.649,0.993160077
0.65,0.993400491
0.651,0.993471881
0.652,0.993492925
0.653,0.993637358
0.654,0.993825155
0.655,0.993905401
0.656,0.993920551
0.657,0.99401665
0.658,0.994182866
0.659,0.994285607
0.66,0.99428327
0.661,0.994287426
0.662,0.994209937
0.663,0.99415726
0.664,0.994219843
0.665,0.99423931
0.666,0.994248885
0.667,0.994305193
0.668,0.994450765
0.669,0.994427196
0.67,0.994354314
0.671,0.994367133
0.672,0.994546338
0.673,0.994590418
0.674,0.994560294
0.675,0.994603904
0.676,0.994694886
0.677,0.994712019
0.678,0.994698876
0.679,0.994807286
0.68,0.994721224
0.681,0.99470826
0.682,0.994859997
0.683,0.9947231
0.684,0.994659958
0.685,0.994745337
0.686,0.994908017
0.687,0.994896301
0.688,0.99487439
0.689,0.994909754
0.69,0.994959817
0.691,0.994972962
0.692,0.995033588
0.693,0.995201051
0.694,0.995441685
0.695,0.995636127
0.696,0.995724573
0.697,0.995708085
0.698,0.995725796
0.699,0.995780884
0.7,0.995885359
0.701,0.996056196
0.702,0.996048639
0.703,0.996004842
0.704,0.996047352
0.705,0.996077243
0.706,0.996040825
0.707,0.995994228
0.708,0.996017887
0.709,0.996029903
0.71,0.996030863
0.711,0.996084821
0.712,0.996301867
0.713,0.996518895
0.714,0.99670271
0.715,0.996838793
0.716,0.996886913
0.717,0.996886071
0.718,0.996846737
0.719,0.996799164
0.72,0.996948882
0.721,0.997067399
0.722,0.997071992
0.723,0.997054587
0.724,0.99698112
0.725,0.997009425
0.726,0.99720581
0.727,0.997364585
0.728,0.99746257
0.729,0.997523275
0.73,0.997589391
0.731,0.997646614
0.732,0.997676925
0.733,0.99770297
0.734,0.99777674
0.735,0.997786398
0.736,0.997764484
0.737,0.997771222
0.738,0.997861317
0.739,0.998085823
0.74,0.998345385
0.741,0.998492613
0.742,0.998443777
0.743,0.998422396
0.744,0.998486063
0.745,0.998547387
0.746,0.998699811
0.747,0.998765893
0.748,0.998647756
0.749,0.998443183
0.75,0.99843387
0.751,0.998514355
0.752,0.998500197
0.753,0.998442988
0.754,0.998463255
0.755,0.998537236
0.756,0.998562634
0.757,0.998694892
0.758,0.998892624
0.759,0.999121411
0.76,0.999393759
0.761,0.999582737
0.762,0.999659333
0.763,0.999676009
0.764,0.999829897
0.765,0.999999133
0.766,1.000126072
0.767,1.000214783
0.768,1.000457945
0.769,1.000579689
0.77,1.000512252
0.771,1.000451435
0.772,1.000377048
0.773,1.00039481
0.774,1.000515577
0.775,1.000496065
0.776,1.000532545
0.777,1.00057658
0.778,1.000556895
0.779,1.000691373
0.78,1.000905657
0.781,1.00110836
0.782,1.001224834
0.783,1.001407343
0.784,1.001454638
0.785,1.001340074
0.786,1.001347853
0.787,1.001533403
0.788,1.001754194
0.789,1.001867986
0.79,1.001900402
0.791,1.001991805
0.792,1.002131208
0.793,1.002247987
0.794,1.002401977
0.795,1.002511295
0.796,1.002588854
0.797,1.002730188
0.798,1.002834144
0.799,1.002935381
0.8,1.003057643
0.801,1.003167699
0.802,1.003356739
0.803,1.003482848
0.804,1.0034592
0.805,1.003593948
0.806,1.003692738
0.807,1.003716841
0.808,1.003722919
0.809,1.003817499
0.81,1.003928362
0.811,1.004031607
0.812,1.004154003
0.813,1.004198203
0.814,1.004228017
0.815,1.00429276
0.816,1.004373864
0.817,1.00439338
0.818,1.004416878
0.819,1.004512427
0.82,1.004630177
0.821,1.004784445
0.822,1.004904939
0.823,1.004928515
0.824,1.005033972
0.825,1.005014625
0.826,1.004921855
0.827,1.004999361
0.828,1.005143126
0.829,1.005215217
0.83,1.005190043
0.831,1.005197302
0.832,1.005336111
0.833,1.005430595
0.834,1.00536648
0.835,1.005304053
0.836,1.005251165
0.837,1.005275646
0.838,1.005410657
0.839,1.005513407
0.84,1.005713736
0.841,1.005897196
0.842,1.005882403
0.843,1.005921744
0.844,1.00600925
0.845,1.006120254
0.846,1.00623038
0.847,1.00634104
0.848,1.006485152
0.849,1.006658182
0.85,1.006799426
0.851,1.006802447
0.852,1.006785669
0.853,1.006852588
0.854,1.006972169
0.855,1.006945363
0.856,1.006782506
0.857,1.006606842
0.858,1.006647427
0.859,1.006704626
0.86,1.006654734
0.861,1.00648751
0.862,1.006521151
0.863,1.006530324
0.864,1.006481274
0.865,1.006488805
0.866,1.006615649
0.867,1.006589488
0.868,1.006461667
0.869,1.006580802
0.87,1.006523007
0.871,1.006498306
0.872,1.006598234
0.873,1.006624963
0.874,1.006684687
0.875,1.006737427
0.876,1.006760019
0.877,1.006818008
0.878,1.006836896
0.879,1.006821644
0.88,1.00679405
0.881,1.006755727
0.882,1.006698332
0.883,1.006667051
0.884,1.006686437
0.885,1.006627595
0.886,1.006672551
0.887,1.006695074
0.888,1.00650617
0.889,1.006373891
0.89,1.006369966
0.891,1.006410957
0.892,1.006368545
0.893,1.006514893
0.894,1.006452352
0.895,1.006141448
0.896,1.005870841
0.897,1.005714989
0.898,1.005604003
0.899,1.00552742
0.9,1.005545746
0.901,1.005562273
0.902,1.005581868
0.903,1.005568116
0.904,1.00543261
0.905,1.005369717
0.906,1.005335763
0.907,1.00530026
0.908,1.005314385
0.909,1.00513123
0.91,1.004904666
0.911,1.004770038
0.912,1.00466873
0.913,1.004552895
0.914,1.004538824
0.915,1.004658963
0.916,1.004700137
0.917,1.004593817
0.918,1.004496272
0.919,1.00456163
0.92,1.004772647
0.921,1.004973935
0.922,1.005041702
0.923,1.004962135
0.924,1.004950787
0.925,1.004927972
0.926,1.004923726
0.927,1.004952856
0.928,1.004894456
0.929,1.00484304
0.93,1.004827083
0.931,1.004866589
0.932,1.005049988
0.933,1.005054834
0.934,1.005006983
0.935,1.005088103
0.936,1.00508484
0.937,1.005014306
0.938,1.005138598
0.939,1.005545854
0.94,1.005464806
0.941,1.005447366
0.942,1.005548178
0.943,1.005681257
0.944,1.00597961
0.945,1.006122311
0.946,1.006078684
0.947,1.006029367
0.948,1.006418811
0.949,1.006691717
0.95,1.006769406
0.951,1.00673802
0.952,1.006577768
0.953,1.006544299
0.954,1.006608308
0.955,1.006650076
0.956,1.006620324
0.957,1.006520359
0.958,1.006496349
0.959,1.006583874
0.96,1.006447739
0.961,1.006170311
0.962,1.005946966
0.963,1.00587588
0.964,1.005764501
0.965,1.00568312
0.966,1.005366598
0.967,1.004861534
0.968,1.004896014
0.969,1.004725216
0.97,1.004514063
0.971,1.004394444
0.972,1.004118558
0.973,1.003844039
0.974,1.003744049
0.975,1.003778235
0.976,1.003651918
0.977,1.003510911
0.978,1.003406902
0.979,1.003365331
0.98,1.003388772
0.981,1.003444069
0.982,1.003601105
0.983,1.003667622
0.984,1.003377692
0.985,1.003542833
0.986,1.00367894
0.987,1.00360717
0.988,1.003502386
0.989,1.003735534
0.99,1.003600806
0.991,1.00346748
0.992,1.003943087
0.993,1.004209703
0.994,1.004152963
0.995,1.004147185
0.996,1.00446455
0.997,1.004548676
0.998,1.00404542
0.999,1.003776115
1,1.004280919
1.001,0.980002538
1.002,0.979983625
1.003,0.980071959
1.004,0.980082956
1.005,0.980036278
1.006,0.980018233
1.007,0.980009179
1.008,0.979987669
1.009,0.979924698
1.01,0.979881865
1.011,0.979871233
1.012,0.97981948
1.013,0.979882275
1.014,0.98003198
1.015,0.980217475
1.016,0.980417932
1.017,0.980563303
1.018,0.98066333
1.019,0.980760087
1.02,0.980791905
1.021,0.980940874
1.022,0.981114211
1.023,0.981255703
1.024,0.981530911
1.025,0.981775655
1.026,0.981957647
1.027,0.982200299
1.028,0.982398702
1.029,0.982563046
1.03,0.982706682
1.031,0.982853283
1.032,0.982980554
1.033,0.983086261
1.034,0.983163545
1.035,0.983213543
1.036,0.983263707
1.037,0.983338421
1.038,0.983439499
1.039,0.983562592
1.04,0.983655876
1.041,0.983705695
1.042,0.983692039
1.043,0.983625295
1.044,0.983596741
1.045,0.983549895
1.046,0.983452686
1.047,0.983384688
1.048,0.983345727
1.049,0.983277118
1.05,0.983195994
1.051,0.983108727
1.052,0.983041485
1.053,0.982954319
1.054,0.982837511
1.055,0.982767158
1.056,0.982685498
1.057,0.982525668
1.058,0.982382408
1.059,0.982283577
1.06,0.982177613
1.061,0.982102764
1.062,0.982076398
1.063,0.982018264
1.064,0.981948012
1.065,0.981886394
1.066,0.981816296
1.067,0.981723176
1.068,0.981694433
1.069,0.981654881
1.07,0.9815288
1.071,0.981430583
1.072,0.981377465
1.073,0.981271401
1.074,0.981258016
1.075,0.981269289
1.076,0.981146507
1.077,0.981071521
1.078,0.981028774
1.079,0.981004813
1.08,0.980963328
1.081,0.980937422
1.082,0.980863726
1.083,0.980812414
1.084,0.980838363
1.085,0.980912277
1.086,0.981025228
1.087,0.981093023
1.088,0.981105355
1.089,0.981132527
1.09,0.98115577
1.091,0.98116602
1.092,0.981180677
1.093,0.98118204
1.094,0.981098301
1.095,0.981124737
1.096,0.981200117
1.097,0.981317445
1.098,0.981382031
1.099,0.981522559
1.1,0.981642924
1.101,0.981640978
1.102,0.981690877
1.103,0.981772902
1.104,0.981827932
1.105,0.981927195
1.106,0.982008537
1.107,0.982055924
1.108,0.982133715
1.109,0.982202107
1.11,0.982297705
1.111,0.982422166
1.112,0.982584502
1.113,0.98278669
1.114,0.982948821
1.115,0.983124163
1.116,0.983317353
1.117,0.98340841
1.118,0.983507721
1.119,0.983616399
1.12,0.983693212
1.121,0.983817133
1.122,0.983948328
1.123,0.984075365
1.124,0.984183717
1.125,0.984254398
1.126,0.984276967
1.127,0.984308062
1.128,0.984320679
1.129,0.984325507
1.13,0.984324175
1.131,0.984329046
1.132,0.984274473
1.133,0.984195357
1.134,0.984148824
1.135,0.984032611
1.136,0.983858546
1.137,0.983671757
1.138,0.983381587
1.139,0.983065305
1.14,0.982728977
1.141,0.982319936
1.142,0.981937548
1.143,0.981548707
1.144,0.981126941
1.145,0.980714529
1.146,0.980268509
1.147,0.979789249
1.148,0.979262861
1.149,0.978761201
1.15,0.978245081
1.151,0.977716238
1.152,0.977212641
1.153,0.976697947
1.154,0.976189549
1.155,0.975717453
1.156,0.975201705
1.157,0.974721322
1.158,0.974270426
1.159,0.973799924
1.16,0.973331105
1.161,0.972866975
1.162,0.972372867
1.163,0.971907859
1.164,0.971464285
1.165,0.971035462
1.166,0.970641861
1.167,0.970225666
1.168,0.969774379
1.169,0.969321828
1.17,0.968790742
1.171,0.968258466
1.172,0.96774225
1.173,0.967111943
1.174,0.966472039
1.175,0.965791223
1.176,0.965105352
1.177,0.964391814
1.178,0.963662205
1.179,0.962915695
1.18,0.962147752
1.181,0.961345108
1.182,0.960545082
1.183,0.959715635
1.184,0.958910264
1.185,0.958098438
1.186,0.957304724
1.187,0.956523943
1.188,0.955794488
1.189,0.955087461
1.19,0.954366956
1.191,0.95365182
1.192,0.952980332
1.193,0.952322162
1.194,0.951659988
1.195,0.951049688
1.196,0.950481865
1.197,0.949922892
1.198,0.949392326
1.199,0.948880771
1.2,0.948397269
1.201,0.947914995
1.202,0.947462077
1.203,0.946997603
1.204,0.94651836
1.205,0.946053622
1.206,0.945623948
1.207,0.945197303
1.208,0.944814563
1.209,0.944473434
1.21,0.944189597
1.211,0.943939555
1.212,0.943747975
1.213,0.943636359
1.214,0.943528043
1.215,0.943429714
1.216,0.943403143
1.217,0.943431506
1.218,0.943479843
1.219,0.943581498
1.22,0.943713706
1.221,0.943856257
1.222,0.944055952
1.223,0.944325068
1.224,0.94460172
1.225,0.944909184
1.226,0.945200679
1.227,0.945516804
1.228,0.945877053
1.229,0.946239123
1.23,0.946626499
1.231,0.947033225
1.232,0.947455463
1.233,0.947883853
1.234,0.94835188
1.235,0.94879936
1.236,0.949267113
1.237,0.949674375
1.238,0.950053797
1.239,0.950423424
1.24,0.950747557
1.241,0.951075442
1.242,0.951404268
1.243,0.95172304
1.244,0.952031394
1.245,0.952318695
1.246,0.952592038
1.247,0.952872039
1.248,0.95315507
1.249,0.953431623
1.25,0.953732966
1.251,0.954068708
1.252,0.954376721
1.253,0.954672757
1.254,0.954989562
1.255,0.955318662
1.256,0.955633745
1.257,0.955973081
1.258,0.956275341
1.259,0.956591438
1.26,0.956814279
1.261,0.956969028
1.262,0.957123154
1.263,0.95720725
1.264,0.957294994
1.265,0.957401731
1.266,0.957464501
1.267,0.957476961
1.268,0.957475332
1.269,0.957506472
1.27,0.957521689
1.271,0.957578499
1.272,0.957665612
1.273,0.957770172
1.274,0.957891746
1.275,0.958029895
1.276,0.95821223
1.277,0.958357635
1.278,0.958483313
1.279,0.958643272
1.28,0.958811489
1.281,0.958979683
1.282,0.959173693
1.283,0.95935459
1.284,0.959523015
1.285,0.95969316
1.286,0.959884415
1.287,0.960050438
1.288,0.960212844
1.289,0.960341942
1.29,0.960471395
1.291,0.960562419
1.292,0.960631206
1.293,0.960680219
1.294,0.960702981
1.295,0.960673612
1.296,0.960684114
1.297,0.960685607
1.298,0.960701544
1.299,0.960768326
1.3,0.960758379
1.301,0.960723429
1.302,0.960666286
1.303,0.960551567
1.304,0.960456665
1.305,0.960358449
1.306,0.960255203
1.307,0.960148312
1.308,0.960035288
1.309,0.959905172
1.31,0.959790811
1.311,0.959687608
1.312,0.959572389
1.313,0.959462883
1.314,0.959361975
1.315,0.959253698
1.316,0.959130197
1.317,0.959033647
1.318,0.958973544
1.319,0.958846759
1.32,0.958720106
1.321,0.958549196
1.322,0.958325931
1.323,0.958094541
1.324,0.957847901
1.325,0.957579332
1.326,0.957284404
1.327,0.956973852
1.328,0.956643969
1.329,0.956305374
1.33,0.955960263
1.331,0.955580794
1.332,0.955213141
1.333,0.95477586
1.334,0.954275603
1.335,0.953761687
1.336,0.953208935
1.337,0.952627841
1.338,0.952023681
1.339,0.951413309
1.34,0.950735393
1.341,0.950012462
1.342,0.949258293
1.343,0.948450679
1.344,0.947640725
1.345,0.946827275
1.346,0.945937029
1.347,0.945023335
1.348,0.944032408
1.349,0.942962127
1.35,0.941857758
1.351,0.940697458
1.352,0.939502874
1.353,0.938257705
1.354,0.936979558
1.355,0.935642698
1.356,0.934305471
1.357,0.932909323
1.358,0.931549629
1.359,0.93015338
1.36,0.928839803
1.361,0.927524139
1.362,0.92632324
1.363,0.925214734
1.364,0.924166651
1.365,0.923228214
1.366,0.92238216
1.367,0.921630626
1.368,0.920966503
1.369,0.920401257
1.37,0.919959777
1.371,0.919527916
1.372,0.919185426
1.373,0.918842312
1.374,0.918557073
1.375,0.918223531
1.376,0.917924409
1.377,0.917560433
1.378,0.917163088
1.379,0.916720422
1.38,0.916272072
1.381,0.915731047
1.382,0.915144827
1.383,0.914470498
1.384,0.91372875
1.385,0.912905161
1.386,0.91203788
1.387,0.911039227
1.388,0.909974712
1.389,0.908758641
1.39,0.907427176
1.391,0.90594554
1.392,0.904327142
1.393,0.90256908
1.394,0.900671705
1.395,0.898652512
1.396,0.896428571
1.397,0.894051503
1.398,0.89151371
1.399,0.888784985
1.4,0.885942782
1.401,0.882954617
1.402,0.879858235
1.403,0.876627461
1.404,0.873275331
1.405,0.869803902
1.406,0.866223493
1.407,0.86250958
1.408,0.858700728
1.409,0.854761388
1.41,0.850781162
1.411,0.846668599
1.412,0.842563181
1.413,0.838378996
1.414,0.834236217
1.415,0.830037227
1.416,0.825914527
1.417,0.821785791
1.418,0.817762441
1.419,0.813772529
1.42,0.809893595
1.421,0.806035917
1.422,0.802382977
1.423,0.798845997
1.424,0.795473294
1.425,0.792264166
1.426,0.789243226
1.427,0.786334101
1.428,0.783557201
1.429,0.780918731
1.43,0.778430079
1.431,0.776051603
1.432,0.773809659
1.433,0.771653252
1.434,0.769615493
1.435,0.767668377
1.436,0.765816051
1.437,0.764063433
1.438,0.762437869
1.439,0.760849386
1.44,0.759348072
1.441,0.75789409
1.442,0.756492729
1.443,0.755159344
1.444,0.75389923
1.445,0.752683474
1.446,0.751549199
1.447,0.750418806
1.448,0.749349869
1.449,0.748262537
1.45,0.74720225
1.451,0.746113369
1.452,0.745019786
1.453,0.743909042
1.454,0.742766215
1.455,0.741634052
1.456,0.740494423
1.457,0.739356099
1.458,0.738205249
1.459,0.737077392
1.46,0.73596977
1.461,0.734850039
1.462,0.733734886
1.463,0.732627426
1.464,0.731520328
1.465,0.730390574
1.466,0.729314341
1.467,0.728248744
1.468,0.727252861
1.469,0.726296066
1.47,0.725380667
1.471,0.724510754
1.472,0.723703057
1.473,0.722927414
1.474,0.722234816
1.475,0.72161557
1.476,0.721060325
1.477,0.720565001
1.478,0.720143943
1.479,0.719798688
1.48,0.719519048
1.481,0.719304137
1.482,0.71916762
1.483,0.719109468
1.484,0.719117456
1.485,0.71922468
1.486,0.719347803
1.487,0.719517968
1.488,0.719749161
1.489,0.720023495
1.49,0.720353558
1.491,0.720752743
1.492,0.721197707
1.493,0.721684741
1.494,0.722230995
1.495,0.722847287
1.496,0.723500229
1.497,0.724216077
1.498,0.724952207
1.499,0.725754329
1.5,0.726539976
1.501,0.727334903
1.502,0.728144584
1.503,0.728951725
1.504,0.729782231
1.505,0.730638413
1.506,0.731505958
1.507,0.732410702
1.508,0.733290829
1.509,0.734163848
1.51,0.735044067
1.511,0.735917539
1.512,0.736788112
1.513,0.737645027
1.514,0.738520731
1.515,0.739334295
1.516,0.740120241
1.517,0.740856679
1.518,0.741562676
1.519,0.742206106
1.52,0.742802791
1.521,0.743338083
1.522,0.743801083
1.523,0.744258331
1.524,0.744673623
1.525,0.745047796
1.526,0.745387885
1.527,0.74571067
1.528,0.745979193
1.529,0.746249486
1.53,0.746515472
1.531,0.746756828
1.532,0.746943843
1.533,0.747186768
1.534,0.747453296
1.535,0.747694689
1.536,0.747959223
1.537,0.748190424
1.538,0.748349115
1.539,0.748598775
1.54,0.748881842
1.541,0.749176206
1.542,0.749515415
1.543,0.749864153
1.544,0.750206417
1.545,0.750592551
1.546,0.751030879
1.547,0.751464881
1.548,0.751883368
1.549,0.752381717
1.55,0.752936723
1.551,0.753489215
1.552,0.75411624
1.553,0.754707546
1.554,0.755276668
1.555,0.755853718
1.556,0.756450732
1.557,0.75701815
1.558,0.757561856
1.559,0.758112606
1.56,0.758672214
1.561,0.759192011
1.562,0.759679156
1.563,0.760184471
1.564,0.760645646
1.565,0.761148256
1.566,0.761692685
1.567,0.762233902
1.568,0.762797287
1.569,0.763343923
1.57,0.763879251
1.571,0.76442883
1.572,0.764995143
1.573,0.765534132
1.574,0.766087522
1.575,0.766608015
1.576,0.767084065
1.577,0.767555043
1.578,0.767966772
1.579,0.768441016
1.58,0.768932478
1.581,0.769443873
1.582,0.769986223
1.583,0.770568462
1.584,0.771127108
1.585,0.77179239
1.586,0.77254888
1.587,0.77337063
1.588,0.77427045
1.589,0.775242219
1.59,0.776315363
1.591,0.777497314
1.592,0.778832267
1.593,0.78023197
1.594,0.78165273
1.595,0.783147626
1.596,0.784686989
1.597,0.786291205
1.598,0.787967952
1.599,0.789668779
1.6,0.791419611
1.601,0.793171492
1.602,0.79492802
1.603,0.796722367
1.604,0.798491684
1.605,0.800292751
1.606,0.802126505
1.607,0.803970106
1.608,0.805818715
1.609,0.807636759
1.61,0.809459755
1.611,0.811322783
1.612,0.813227484
1.613,0.815137792
1.614,0.817013139
1.615,0.818841955
1.616,0.820625064
1.617,0.822382031
1.618,0.824111975
1.619,0.825842732
1.62,0.827528731
1.621,0.829121343
1.622,0.830684367
1.623,0.832201386
1.624,0.833664209
1.625,0.835111304
1.626,0.836491544
1.627,0.837838013
1.628,0.839135442
1.629,0.840414565
1.63,0.841699059
1.631,0.842932642
1.632,0.844184257
1.633,0.845402449
1.634,0.846623571
1.635,0.847852663
1.636,0.849024244
1.637,0.850223804
1.638,0.851401556
1.639,0.852568759
1.64,0.853760124
1.641,0.854936555
1.642,0.856088625
1.643,0.857247204
1.644,0.858475266
1.645,0.859686804
1.646,0.860889632
1.647,0.862139454
1.648,0.863310638
1.649,0.864413762
1.65,0.865541601
1.651,0.866624409
1.652,0.867683491
1.653,0.868801109
1.654,0.869899467
1.655,0.870952552
1.656,0.871966973
1.657,0.872909999
1.658,0.873846527
1.659,0.874802046
1.66,0.875750833
1.661,0.876652498
1.662,0.877458172
1.663,0.878196264
1.664,0.878879577
1.665,0.879506287
1.666,0.880061837
1.667,0.880507228
1.668,0.880864369
1.669,0.881158034
1.67,0.881360903
1.671,0.881502838
1.672,0.881566276
1.673,0.881514537
1.674,0.881405306
1.675,0.88123266
1.676,0.880973738
1.677,0.88060826
1.678,0.880148081
1.679,0.879620387
1.68,0.878965305
1.681,0.878331193
1.682,0.877740568
1.683,0.87708553
1.684,0.876445987
1.685,0.875768837
1.686,0.875032807
1.687,0.874296103
1.688,0.873511211
1.689,0.872748486
1.69,0.872023994
1.691,0.871232207
1.692,0.870456866
1.693,0.869640251
1.694,0.868696482
1.695,0.867724303
1.696,0.866669816
1.697,0.86558497
1.698,0.864519461
1.699,0.863526305
1.7,0.862698098
1.701,0.862014757
1.702,0.861428132
1.703,0.860955475
1.704,0.860592578
1.705,0.860366971
1.706,0.860361612
1.707,0.860335994
1.708,0.860417611
1.709,0.860452122
1.71,0.860499062
1.711,0.860492522
1.712,0.860513437
1.713,0.860456834
1.714,0.860293436
1.715,0.860150967
1.716,0.859943639
1.717,0.859790252
1.718,0.859686979
1.719,0.85956923
1.72,0.859494614
1.721,0.859361379
1.722,0.859188276
1.723,0.858984263
1.724,0.858707055
1.725,0.858476113
1.726,0.858259242
1.727,0.858040965
1.728,0.857874188
1.729,0.857622901
1.73,0.857280325
1.731,0.856972441
1.732,0.85670704
1.733,0.85636729
1.734,0.856043901
1.735,0.85569709
1.736,0.855243122
1.737,0.854866199
1.738,0.854562281
1.739,0.854181491
1.74,0.853790239
1.741,0.853432738
1.742,0.853008114
1.743,0.852601722
1.744,0.852247917
1.745,0.851822962
1.746,0.851417155
1.747,0.851049882
1.748,0.850613197
1.749,0.850236729
1.75,0.849835575
1.751,0.849291981
1.752,0.848819625
1.753,0.84826383
1.754,0.847628792
1.755,0.847108583
1.756,0.846538305
1.757,0.845947364
1.758,0.845350732
1.759,0.84462933
1.76,0.843866857
1.761,0.843175358
1.762,0.842562952
1.763,0.842033058
1.764,0.841606363
1.765,0.841173155
1.766,0.84070481
1.767,0.840292248
1.768,0.839894308
1.769,0.839529492
1.77,0.83923982
1.771,0.839031685
1.772,0.838825547
1.773,0.838658599
1.774,0.83856385
1.775,0.83844886
1.776,0.83824299
1.777,0.838122503
1.778,0.838125317
1.779,0.838122378
1.78,0.838212454
1.781,0.83834701
1.782,0.838375795
1.783,0.838443425
1.784,0.838612411
1.785,0.838700271
1.786,0.838840641
1.787,0.839053528
1.788,0.839189289
1.789,0.839407761
1.79,0.839648415
1.791,0.839852868
1.792,0.840056116
1.793,0.840298323
1.794,0.8405904
1.795,0.840815949
1.796,0.841109166
1.797,0.84140129
1.798,0.841629339
1.799,0.841930381
1.8,0.842154556
1.801,0.8349186
1.802,0.83544928
1.803,0.836154455
1.804,0.836627987
1.805,0.837052382
1.806,0.837403943
1.807,0.837575769
1.808,0.837770283
1.809,0.838025451
1.81,0.838242768
1.811,0.838390688
1.812,0.838445003
1.813,0.838587414
1.814,0.838652908
1.815,0.838788393
1.816,0.838990847
1.817,0.839244413
1.818,0.839365472
1.819,0.839763628
1.82,0.840263996
1.821,0.84067573
1.822,0.841059264
1.823,0.841439863
1.824,0.841841267
1.825,0.842157597
1.826,0.842571259
1.827,0.843138218
1.828,0.843589217
1.829,0.844109817
1.83,0.844750627
1.831,0.845357943
1.832,0.845895042
1.833,0.846684725
1.834,0.847698811
1.835,0.848470264
1.836,0.849246362
1.837,0.850148983
1.838,0.850712934
1.839,0.851316415
1.84,0.852134078
1.841,0.852987291
1.842,0.85379284
1.843,0.854664539
1.844,0.85544783
1.845,0.856238623
1.846,0.856842624
1.847,0.857387534
1.848,0.858063776
1.849,0.85853178
1.85,0.858882099
1.851,0.859286482
1.852,0.85950919
1.853,0.85969602
1.854,0.859850976
1.855,0.859954227
1.856,0.859984606
1.857,0.859946736
1.858,0.859910344
1.859,0.859710029
1.86,0.859480396
1.861,0.859167065
1.862,0.858651233
1.863,0.858128396
1.864,0.857517733
1.865,0.856785266
1.866,0.856012785
1.867,0.855274255
1.868,0.854386556
1.869,0.853370225
1.87,0.852211875
1.871,0.85099948
1.872,0.849655386
1.873,0.848233821
1.874,0.846715564
1.875,0.844861383
1.876,0.842747497
1.877,0.840420452
1.878,0.837926329
1.879,0.835249671
1.88,0.832419016
1.881,0.829446082
1.882,0.826217137
1.883,0.82269234
1.884,0.819001891
1.885,0.815060738
1.886,0.810822494
1.887,0.806313655
1.888,0.801550385
1.889,0.796487597
1.89,0.791286617
1.891,0.78590508
1.892,0.780284303
1.893,0.774549711
1.894,0.768486763
1.895,0.762184531
1.896,0.755856396
1.897,0.749421968
1.898,0.742801239
1.899,0.7362164
1.9,0.729578651
1.901,0.722856914
1.902,0.716339182
1.903,0.709773506
1.904,0.703292738
1.905,0.697268236
1.906,0.691349998
1.907,0.685614019
1.908,0.680329356
1.909,0.675132119
1.91,0.670067333
1.911,0.665139917
1.912,0.660458508
1.913,0.655911879
1.914,0.651596146
1.915,0.64768429
1.916,0.644120671
1.917,0.64086811
1.918,0.638047463
1.919,0.635393936
1.92,0.632923302
1.921,0.630664924
1.922,0.628699483
1.923,0.626856094
1.924,0.625322612
1.925,0.62407775
1.926,0.623005128
1.927,0.622172373
1.928,0.621525963
1.929,0.621013859
1.93,0.620710653
1.931,0.620620797
1.932,0.6206965
1.933,0.620983485
1.934,0.621531386
1.935,0.622249173
1.936,0.623017552
1.937,0.623891307
1.938,0.624846935
1.939,0.625840044
1.94,0.626963585
1.941,0.628231269
1.942,0.629625141
1.943,0.631160259
1.944,0.632808727
1.945,0.634633365
1.946,0.636460383
1.947,0.638329409
1.948,0.640228334
1.949,0.642161474
1.95,0.644083651
1.951,0.645916972
1.952,0.64769122
1.953,0.649579354
1.954,0.65141866
1.955,0.653379406
1.956,0.655572854
1.957,0.657579833
1.958,0.65953521
1.959,0.661487414
1.96,0.663325784
1.961,0.665180108
1.962,0.667034918
1.963,0.668869337
1.964,0.670906898
1.965,0.673003266
1.966,0.675069546
1.967,0.677296604
1.968,0.679345216
1.969,0.681218574
1.97,0.683217525
1.971,0.685257367
1.972,0.687211895
1.973,0.689197716
1.974,0.691240717
1.975,0.693185594
1.976,0.695166268
1.977,0.69714938
1.978,0.699017933
1.979,0.700895128
1.98,0.702681577
1.981,0.704532655
1.982,0.706440797
1.983,0.708290872
1.984,0.710140969
1.985,0.711995739
1.986,0.713696295
1.987,0.715309793
1.988,0.716946258
1.989,0.71847277
1.99,0.719931985
1.991,0.721345831
1.992,0.722721454
1.993,0.723981679
1.994,0.725259853
1.995,0.726613163
1.996,0.727806425
1.997,0.728954305
1.998,0.729904944
1.999,0.730844268
2,0.731674521
2.001,0.732401342
2.002,0.733173925
2.003,0.733859368
2.004,0.734503041
2.005,0.735005126
2.006,0.735472497
2.007,0.735770985
2.008,0.735908357
2.009,0.735970831
2.01,0.735893759
2.011,0.735768541
2.012,0.735595684
2.013,0.735268787
2.014,0.734829023
2.015,0.734346946
2.016,0.733742028
2.017,0.733048581
2.018,0.732171492
2.019,0.731099139
2.02,0.730068052
2.021,0.729019563
2.022,0.727720241
2.023,0.726344795
2.024,0.724819529
2.025,0.723076573
2.026,0.721101512
2.027,0.719146106
2.028,0.717444876
2.029,0.715567337
2.03,0.713582142
2.031,0.711497627
2.032,0.709337522
2.033,0.707027258
2.034,0.704550282
2.035,0.702095068
2.036,0.699575289
2.037,0.696957357
2.038,0.694337515
2.039,0.691517226
2.04,0.688452294
2.041,0.68550086
2.042,0.682363461
2.043,0.679196972
2.044,0.6760426
2.045,0.67281958
2.046,0.669680807
2.047,0.666604071
2.048,0.663443513
2.049,0.660297432
2.05,0.657139374
2.051,0.653806691
2.052,0.650699257
2.053,0.647663764
2.054,0.644730224
2.055,0.641970326
2.056,0.639227324
2.057,0.636452681
2.058,0.633843967
2.059,0.631171714
2.06,0.628482724
2.061,0.625824705
2.062,0.623171955
2.063,0.62056938
2.064,0.61793553
2.065,0.615471466
2.066,0.613124261
2.067,0.610804179
2.068,0.608635512
2.069,0.606406646
2.07,0.604152459
2.071,0.601958649
2.072,0.599744265
2.073,0.597595151
2.074,0.595628164
2.075,0.593747306
2.076,0.592010922
2.077,0.590474206
2.078,0.588970176
2.079,0.587593942
2.08,0.586223792
2.081,0.58487543
2.082,0.583638514
2.083,0.582443806
2.084,0.581381944
2.085,0.580538158
2.086,0.579635019
2.087,0.578757486
2.088,0.577905273
2.089,0.577156709
2.09,0.576440778
2.091,0.575753911
2.092,0.575223366
2.093,0.574533839
2.094,0.573705234
2.095,0.573066558
2.096,0.572438134
2.097,0.571915413
2.098,0.571558895
2.099,0.571160606
2.1,0.57067809
2.101,0.570397856
2.102,0.570252401
2.103,0.570100623
2.104,0.570088114
2.105,0.570340798
2.106,0.57053212
2.107,0.570877844
2.108,0.571362358
2.109,0.571971103
2.11,0.572709226
2.111,0.573632615
2.112,0.574588994
2.113,0.575658972
2.114,0.576770995
2.115,0.577985827
2.116,0.579207974
2.117,0.580558328
2.118,0.581828806
2.119,0.582987442
2.12,0.584297258
2.121,0.585591455
2.122,0.5870129
2.123,0.58864328
2.124,0.5902803
2.125,0.591865179
2.126,0.593413275
2.127,0.595102222
2.128,0.596843045
2.129,0.598567712
2.13,0.600408865
2.131,0.60219132
2.132,0.603925673
2.133,0.605643558
2.134,0.607457387
2.135,0.609133281
2.136,0.610687317
2.137,0.612218608
2.138,0.613715249
2.139,0.61506767
2.14,0.616547592
2.141,0.618027325
2.142,0.619499079
2.143,0.621081348
2.144,0.622483436
2.145,0.623776865
2.146,0.625091438
2.147,0.626273875
2.148,0.627613686
2.149,0.629052197
2.15,0.630412481
2.151,0.631860304
2.152,0.633183299
2.153,0.634410266
2.154,0.635629118
2.155,0.636728116
2.156,0.637936223
2.157,0.639168443
2.158,0.640389264
2.159,0.641691261
2.16,0.642965664
2.161,0.64413708
2.162,0.645363173
2.163,0.646556133
2.164,0.647716389
2.165,0.648924141
2.166,0.650169325
2.167,0.65134556
2.168,0.652587437
2.169,0.653658313
2.17,0.654495837
2.171,0.655552678
2.172,0.656602538
2.173,0.657700327
2.174,0.658987605
2.175,0.660212947
2.176,0.661388594
2.177,0.662588755
2.178,0.663884057
2.179,0.665025512
2.18,0.666147042
2.181,0.667363025
2.182,0.668711578
2.183,0.669939132
2.184,0.671036051
2.185,0.672188812
2.186,0.673338908
2.187,0.674348018
2.188,0.675532626
2.189,0.676936622
2.19,0.678109631
2.191,0.679231466
2.192,0.680313534
2.193,0.681267172
2.194,0.682255951
2.195,0.683213297
2.196,0.684209658
2.197,0.685184671
2.198,0.686216789
2.199,0.687317112
2.2,0.68843567
2.201,0.689681878
2.202,0.690752889
2.203,0.691813835
2.204,0.692583956
2.205,0.693128507
2.206,0.693869713
2.207,0.694675148
2.208,0.695402103
2.209,0.696147616
2.21,0.696944832
2.211,0.697630501
2.212,0.698299425
2.213,0.69888669
2.214,0.699389242
2.215,0.699845493
2.216,0.700267483
2.217,0.700557622
2.218,0.700631666
2.219,0.700944594
2.22,0.70139667
2.221,0.701582721
2.222,0.701811923
2.223,0.701924275
2.224,0.701768734
2.225,0.701593129
2.226,0.701351224
2.227,0.701222043
2.228,0.700926646
2.229,0.700464522
2.23,0.699944991
2.231,0.699296186
2.232,0.698655795
2.233,0.697966884
2.234,0.697201834
2.235,0.69634833
2.236,0.695282146
2.237,0.693922972
2.238,0.69260464
2.239,0.691286914
2.24,0.689691079
2.241,0.687888204
2.242,0.686009038
2.243,0.683900666
2.244,0.681793238
2.245,0.679672618
2.246,0.677379455
2.247,0.674997334
2.248,0.672407779
2.249,0.669611039
2.25,0.666765852
2.251,0.663746136
2.252,0.660740732
2.253,0.657723728
2.254,0.654518903
2.255,0.651254835
2.256,0.647735643
2.257,0.644149495
2.258,0.640628254
2.259,0.636946152
2.26,0.633056358
2.261,0.628971455
2.262,0.624707705
2.263,0.62051761
2.264,0.616460284
2.265,0.61265976
2.266,0.609078033
2.267,0.605664036
2.268,0.602527123
2.269,0.599813003
2.27,0.597297805
2.271,0.595471366
2.272,0.594272963
2.273,0.593296531
2.274,0.592766833
2.275,0.592560796
2.276,0.592719338
2.277,0.593283076
2.278,0.594586609
2.279,0.595702143
2.28,0.597085653
2.281,0.598382876
2.282,0.599616785
2.283,0.600891541
2.284,0.602304183
2.285,0.603593169
2.286,0.605064483
2.287,0.606194572
2.288,0.607153422
2.289,0.60794058
2.29,0.608412845
2.291,0.608316331
2.292,0.607812785
2.293,0.607120946
2.294,0.606114322
2.295,0.605012393
2.296,0.604175667
2.297,0.603317861
2.298,0.602501956
2.299,0.601540083
2.3,0.600018194
2.301,0.598304392
2.302,0.596320935
2.303,0.594313623
2.304,0.592596826
2.305,0.590873296
2.306,0.589274752
2.307,0.587379485
2.308,0.585229065
2.309,0.583020376
2.31,0.580383961
2.311,0.577828377
2.312,0.575614973
2.313,0.57350097
2.314,0.571657559
2.315,0.570230564
2.316,0.568781298
2.317,0.567624354
2.318,0.565874006
2.319,0.563979235
2.32,0.562154382
2.321,0.559691677
2.322,0.558113543
2.323,0.557315612
2.324,0.555978872
2.325,0.554737615
2.326,0.553473692
2.327,0.551795534
2.328,0.550562616
2.329,0.54956725
2.33,0.548673064
2.331,0.548164549
2.332,0.547448033
2.333,0.546717627
2.334,0.546214762
2.335,0.545840546
2.336,0.545055795
2.337,0.544754437
2.338,0.544997257
2.339,0.545038101
2.34,0.545054145
2.341,0.545639042
2.342,0.546182954
2.343,0.546691242
2.344,0.547845097
2.345,0.548067864
2.346,0.547822164
2.347,0.547837022
2.348,0.547579148
2.349,0.54768264
2.35,0.547934293
2.351,0.548509389
2.352,0.548883276
2.353,0.549405541
2.354,0.550397056
2.355,0.550635399
2.356,0.550636059
2.357,0.550971245
2.358,0.551611094
2.359,0.552719987
2.36,0.553812434
2.361,0.554217027
2.362,0.554559616
2.363,0.554705216
2.364,0.554613702
2.365,0.555466397
2.366,0.556181753
2.367,0.556225735
2.368,0.556265531
2.369,0.555980449
2.37,0.555681544
2.371,0.555864431
2.372,0.556994241
2.373,0.558921673
2.374,0.560903811
2.375,0.562168885
2.376,0.562758472
2.377,0.56330294
2.378,0.563479303
2.379,0.563905303
2.38,0.565013677
2.381,0.566003977
2.382,0.56625291
2.383,0.566569324
2.384,0.567034023
2.385,0.566597537
2.386,0.566357474
2.387,0.566622687
2.388,0.56626573
2.389,0.565639381
2.39,0.566291413
2.391,0.566983704
2.392,0.566970117
2.393,0.567852785
2.394,0.568181706
2.395,0.567578074
2.396,0.567287178
2.397,0.566848598
2.398,0.566808908
2.399,0.567820296
2.4,0.56849273
2.401,0.568534367
2.402,0.568444898
2.403,0.567410483
2.404,0.566119017
2.405,0.566284026
2.406,0.566120896
2.407,0.564494467
2.408,0.563897816
2.409,0.562536498
2.41,0.55998395
2.411,0.559297787
2.412,0.559452903
2.413,0.560696128
2.414,0.561920929
2.415,0.560877993
2.416,0.559738184
2.417,0.55812128
2.418,0.555637145
2.419,0.553960314
2.42,0.553337436
2.421,0.553568301
2.422,0.552961252
2.423,0.552929936
2.424,0.552255585
2.425,0.547565039
2.426,0.544913064
2.427,0.543523494
2.428,0.539136432
2.429,0.536884336
2.43,0.535397929
2.431,0.532744326
2.432,0.531199065
2.433,0.529283302
2.434,0.526573064
2.435,0.523049673
2.436,0.520425758
2.437,0.519104625
2.438,0.516671539
2.439,0.514542751
2.44,0.509920944
2.441,0.503273485
2.442,0.499476328
2.443,0.495760439
2.444,0.494645879
2.445,0.496306505
2.446,0.495060669
2.447,0.494031354
2.448,0.492238043
2.449,0.48876549
2.45,0.487834868
2.451,0.485613608
2.452,0.481674895
2.453,0.478502983
2.454,0.475343029
2.455,0.474948531
2.456,0.47596575
2.457,0.475645183
2.458,0.472962738
2.459,0.465483563
2.46,0.46085671
2.461,0.461925458
2.462,0.461234252
2.463,0.461171997
2.464,0.457781612
2.465,0.450302572
2.466,0.445983775
2.467,0.442803841
2.468,0.44289449
2.469,0.443357663
2.47,0.442498742
2.471,0.443092014
2.472,0.440007706
2.473,0.433539613
2.474,0.429042121
2.475,0.424465196
2.476,0.421304546
2.477,0.421121888
2.478,0.423920121
2.479,0.422606837
2.48,0.420022576
2.481,0.419447705
2.482,0.416826756
2.483,0.415629008
2.484,0.419121938
2.485,0.419924888
2.486,0.4175084
2.487,0.417798233
2.488,0.42103562
2.489,0.420369216
2.49,0.417192131
2.491,0.418401377
2.492,0.415094438
2.493,0.413743622
2.494,0.420146324
2.495,0.422938781
2.496,0.423397408
2.497,0.427953505
2.498,0.426452146
2.499,0.42573019
2.5,0.430267412